Time,Hand,Node 1,Node 2,Node 3,Node 4,Node 5,Node 6,Node 7,Node 8,Node 9,Node 10,Node 11,Node 12,Node 13,Node 14,Node 15,Node 16,Node 17,Node 18,Node 19,Node 20,Node 21
02-05-2022 @ 12:23:07,Left,(566.4655685424805:470.4913330078125:-2.2812751687695254e-09),(507.11292266845703:469.2675018310547:-0.0701427161693573),(459.3976593017578:449.9879837036133:-0.13121068477630615),(432.3295211791992:424.13866996765137:-0.1845114678144455),(406.53594970703125:394.47160720825195:-0.24163980782032013),(487.45006561279297:373.1366157531738:-0.15408720076084137),(458.69171142578125:310.8976364135742:-0.22656486928462982),(438.99608612060547:271.5863800048828:-0.27532246708869934),(420.0218963623047:240.72701454162598:-0.31068408489227295),(528.4414291381836:365.9488105773926:-0.15728987753391266),(507.54749298095703:298.46431732177734:-0.23673602938652039),(489.91065979003906:256.09697341918945:-0.28958895802497864),(472.93701171875:218.76269817352295:-0.32831093668937683),(569.3234634399414:370.5208969116211:-0.16113655269145966),(558.9698791503906:309.05725479125977:-0.23224572837352753),(545.0155258178711:269.8146343231201:-0.2802445888519287),(528.2819747924805:233.47015857696533:-0.31243303418159485),(608.551025390625:386.13409996032715:-0.1684514880180359),(612.0280456542969:335.145320892334:-0.22793515026569366),(607.2548294067383:301.0139465332031:-0.26546573638916016),(598.5968017578125:271.11608505249023:-0.29384925961494446)
02-05-2022 @ 12:23:07,Right,(87.94775009155273:458.14178466796875:5.002345204729863e-09),(139.6164035797119:461.4876937866211:-0.060491207987070084),(182.08513259887695:442.44604110717773:-0.10572730749845505),(205.0824737548828:419.5803165435791:-0.14156247675418854),(225.5320167541504:399.53744888305664:-0.18178324401378632),(152.99739837646484:370.25630950927734:-0.13118484616279602),(178.98502349853516:320.4191493988037:-0.183500275015831),(193.5514259338379:286.82862281799316:-0.21501174569129944),(205.74501037597656:255.2167797088623:-0.23713012039661407),(116.50942802429199:354.5624256134033:-0.12498535960912704),(130.08832931518555:296.03739738464355:-0.17971883714199066),(141.7986011505127:257.2310543060303:-0.2109476625919342),(150.78386306762695:221.54956340789795:-0.23464375734329224),(80.32536506652832:353.9255905151367:-0.1190251037478447),(80.8076286315918:295.5333709716797:-0.17151197791099548),(85.67446708679199:256.5226364135742:-0.20394527912139893),(91.32031440734863:221.65306091308594:-0.22548004984855652),(45.25007247924805:365.25538444519043:-0.11579589545726776),(33.70014667510986:320.20986557006836:-0.16219519078731537),(29.842677116394043:289.2547130584717:-0.19006240367889404),(28.286242485046387:260.91190338134766:-0.2101038098335266)
02-05-2022 @ 12:23:07,Left,(552.5139617919922:458.59663009643555:-9.907401121722614e-09),(496.0133743286133:449.24285888671875:-0.05753934383392334),(445.49285888671875:419.7560977935791:-0.09714138507843018),(418.19881439208984:382.7951717376709:-0.13264526426792145),(398.86383056640625:349.0912342071533:-0.17087014019489288),(478.88622283935547:339.8971652984619:-0.08648225665092468),(451.82796478271484:279.0640068054199:-0.13369987905025482),(432.8579330444336:241.19138717651367:-0.16921593248844147),(416.578369140625:209.01962757110596:-0.19639641046524048),(515.338134765625:328.3178901672363:-0.08846443146467209),(492.8737258911133:261.7770195007324:-0.1382964551448822),(476.32991790771484:219.4416046142578:-0.18198664486408234),(461.7068862915039:180.6959581375122:-0.21523220837116241),(551.9303894042969:329.1368293762207:-0.09381431341171265),(541.1708068847656:267.08367347717285:-0.14050695300102234),(528.4069061279297:227.7268123626709:-0.18209721148014069),(514.8070526123047:191.49782180786133:-0.21104778349399567),(589.7904205322266:341.559362411499:-0.10391390323638916),(590.2063751220703:290.15527725219727:-0.14511097967624664),(584.5066070556641:256.17496490478516:-0.17578713595867157),(576.3621139526367:224.2395544052124:-0.19875206053256989)
02-05-2022 @ 12:23:07,Right,(88.35670471191406:456.6244697570801:5.775298905774662e-09),(145.58966636657715:444.6422481536865:-0.04095682129263878),(191.61928176879883:404.48123931884766:-0.06430967152118683),(221.74087524414062:366.0656547546387:-0.08550862967967987),(252.6401138305664:344.3594455718994:-0.10892665386199951),(152.2868251800537:333.3120918273926:-0.048636455088853836),(175.80127716064453:281.75957679748535:-0.07611037790775299),(188.27735900878906:247.939453125:-0.09503302723169327),(197.41409301757812:218.4975242614746:-0.10936625301837921),(116.79277420043945:320.2579593658447:-0.04988865181803703),(132.41743087768555:261.2567710876465:-0.0744938924908638),(142.47940063476562:223.32654476165771:-0.09633730351924896),(149.87990379333496:190.0160551071167:-0.11414932459592819),(82.63996124267578:321.11812591552734:-0.05550573021173477),(87.02980041503906:263.1631851196289:-0.08296944946050644),(91.61136627197266:225.10562896728516:-0.10705723613500595),(96.01283073425293:193.2927703857422:-0.12385132163763046),(48.64388465881348:333.4298515319824:-0.065175361931324),(37.264089584350586:287.39513397216797:-0.09024641662836075),(32.55472183227539:255.68198204040527:-0.1082240417599678),(30.55896759033203:227.00828075408936:-0.12132065743207932)
02-05-2022 @ 12:23:07,Left,(546.4011001586914:436.78181648254395:-6.714647060590551e-09),(492.4826431274414:426.6101932525635:-0.04956861957907677),(444.5286178588867:398.06631088256836:-0.08167283982038498),(418.48175048828125:362.74377822875977:-0.11089052259922028),(399.2642593383789:331.0993766784668:-0.14263713359832764),(472.20226287841797:318.1014060974121:-0.06368595361709595),(446.6557312011719:259.21600341796875:-0.10209182649850845),(432.68455505371094:222.81861305236816:-0.1317719668149948),(420.5787658691406:191.31311416625977:-0.1542043834924698),(506.3962936401367:304.9087715148926:-0.06604600697755814),(484.6831512451172:238.74298095703125:-0.10572488605976105),(470.7521438598633:198.89503955841064:-0.14353540539741516),(458.09959411621094:164.53698635101318:-0.17228935658931732),(541.2236404418945:304.1470241546631:-0.07235594093799591),(530.0376129150391:241.021728515625:-0.11162828654050827),(519.5165634155273:203.4922742843628:-0.14982491731643677),(507.61341094970703:169.81814861297607:-0.17614175379276276),(577.3500823974609:315.19103050231934:-0.08300114423036575),(577.7802276611328:264.35874938964844:-0.1188831478357315),(573.0764770507812:232.08297729492188:-0.14680323004722595),(565.696907043457:202.2139835357666:-0.16743534803390503)
02-05-2022 @ 12:23:07,Right,(93.49271774291992:445.42473793029785:5.300735406166268e-09),(149.76324081420898:428.77784729003906:-0.028578339144587517),(193.52943420410156:387.200231552124:-0.046563293784856796),(222.04605102539062:348.35615158081055:-0.06545547395944595),(249.1729736328125:324.43264961242676:-0.08673317730426788),(159.7849178314209:315.55832862854004:-0.028591524809598923),(181.63307189941406:261.34119987487793:-0.05207449942827225),(193.10602188110352:227.77228832244873:-0.06930284202098846),(201.76239013671875:198.9215326309204:-0.08260960876941681),(126.05961799621582:303.97802352905273:-0.03697675094008446),(139.45735931396484:242.6535987854004:-0.056202150881290436),(148.810453414917:204.8585844039917:-0.07668070495128632),(156.5791416168213:173.39804649353027:-0.09410584717988968),(92.60584831237793:306.5841579437256:-0.049910783767700195),(94.47637557983398:246.9096851348877:-0.07348205894231796),(98.5724925994873:207.38299369812012:-0.09831572324037552),(104.08012390136719:174.87969875335693:-0.1163998693227768),(58.84115219116211:321.12945556640625:-0.06617040932178497),(45.89954376220703:275.072021484375:-0.08914226293563843),(41.73727989196777:242.83761978149414:-0.10710909962654114),(42.01122283935547:213.24334144592285:-0.1207568347454071)
02-05-2022 @ 12:23:07,Left,(542.1982574462891:421.3352394104004:-3.873911857965595e-09),(489.83680725097656:411.375789642334:-0.04902395233511925),(443.3380889892578:384.8331069946289:-0.08231553435325623),(417.67650604248047:350.3070259094238:-0.11164704710245132),(399.9266052246094:320.0953674316406:-0.14328843355178833),(470.00492095947266:309.16797637939453:-0.07275167852640152),(446.34960174560547:248.78273963928223:-0.11214755475521088),(433.12305450439453:212.1723747253418:-0.14054444432258606),(422.3185348510742:180.2407693862915:-0.16183677315711975),(502.86842346191406:296.4011478424072:-0.07422567158937454),(481.0452651977539:230.31600952148438:-0.1148173063993454),(467.0658874511719:190.42137622833252:-0.1497904360294342),(454.7854995727539:154.80734825134277:-0.17660202085971832),(536.0764312744141:294.99916076660156:-0.0786421075463295),(524.765510559082:233.02680015563965:-0.1186731681227684),(514.3241882324219:195.71436882019043:-0.15455465018749237),(503.0699157714844:161.44091606140137:-0.179030641913414),(570.725212097168:304.99491691589355:-0.08694590628147125),(569.3414688110352:254.5118236541748:-0.12324943393468857),(562.6285171508789:223.6197566986084:-0.14990577101707458),(553.9607620239258:195.0024175643921:-0.16943243145942688)
02-05-2022 @ 12:23:07,Right,(95.87433815002441:442.33649253845215:7.608393914892986e-09),(150.62176704406738:423.8345146179199:-0.028854256495833397),(195.00066757202148:382.10947036743164:-0.0478832982480526),(223.7610626220703:342.8873920440674:-0.06841752678155899),(252.20312118530273:319.4985008239746:-0.09171798825263977),(163.4372901916504:309.3760871887207:-0.02931586466729641),(186.25732421875:253.29717636108398:-0.05334245041012764),(198.01780700683594:218.81157875061035:-0.07138516008853912),(207.14683532714844:189.07251834869385:-0.08553384989500046),(130.87206840515137:298.3618927001953:-0.03878996521234512),(143.5120677947998:234.15098190307617:-0.058262668550014496),(152.0970630645752:195.4253053665161:-0.08005212247371674),(159.66283798217773:162.30185508728027:-0.09884290397167206),(98.89935493469238:300.9978675842285:-0.052737366408109665),(101.39944076538086:240.1695156097412:-0.07609381526708603),(106.04705810546875:201.0393190383911:-0.10225184261798859),(112.41637229919434:168.63636016845703:-0.12160170078277588),(66.60985469818115:314.8879051208496:-0.07021969556808472),(55.125508308410645:268.17601203918457:-0.09298291802406311),(50.71063995361328:235.6801414489746:-0.11188262701034546),(50.27888298034668:205.25457859039307:-0.1265089511871338)
02-05-2022 @ 12:23:07,Left,(538.7228012084961:410.4711627960205:-3.8233287646960434e-09),(487.2283935546875:402.52607345581055:-0.04822668060660362),(442.02503204345703:377.9865074157715:-0.08074233680963516),(416.16844177246094:345.1855659484863:-0.10931015014648438),(396.3234329223633:316.07757568359375:-0.14011721312999725),(467.54066467285156:303.0274200439453:-0.07021301984786987),(443.19217681884766:244.73133087158203:-0.10764854401350021),(429.7576904296875:209.5635223388672:-0.13503006100654602),(419.07764434814453:178.72851848602295:-0.15568694472312927),(499.7340774536133:290.7977771759033:-0.07107484340667725),(478.8877487182617:226.56543731689453:-0.10964564234018326),(465.3606414794922:188.06106090545654:-0.14334043860435486),(453.8535690307617:153.8299798965454:-0.16926875710487366),(532.3092269897461:289.5493698120117:-0.0747835710644722),(521.2115478515625:229.17949676513672:-0.11272559314966202),(510.8138656616211:192.84645080566406:-0.14723150432109833),(500.2235412597656:159.84957218170166:-0.17089997231960297),(566.2576293945312:298.91175270080566:-0.08238353580236435),(564.8333740234375:249.23684120178223:-0.11686788499355316),(558.153190612793:218.4213352203369:-0.14248961210250854),(549.9783325195312:190.02954483032227:-0.16141797602176666)
02-05-2022 @ 12:23:07,Right,(99.82150077819824:440.1788520812988:8.720410171747517e-09),(154.2168426513672:420.7118225097656:-0.027144525200128555),(197.7011489868164:378.66119384765625:-0.044316839426755905),(226.44344329833984:339.20119285583496:-0.06350789219141006),(256.45023345947266:318.52163314819336:-0.0850425735116005),(168.7804412841797:307.377405166626:-0.02194615826010704),(190.71735382080078:252.33701705932617:-0.042629022151231766),(202.7945327758789:218.17163944244385:-0.058598048985004425),(212.65308380126953:188.62136363983154:-0.07141512632369995),(137.24397659301758:295.63273429870605:-0.0312754362821579),(150.73177337646484:232.5451898574829:-0.04644297808408737),(159.61036682128906:194.92974758148193:-0.06613025069236755),(167.94761657714844:162.50062465667725:-0.08378609269857407),(105.70693969726562:297.6038360595703:-0.04515344649553299),(109.85413551330566:238.0908966064453:-0.06448213756084442),(113.9434814453125:199.92453575134277:-0.088422030210495),(120.18819808959961:168.0843687057495:-0.10669909417629242),(73.33711624145508:310.5545425415039:-0.06275060772895813),(63.29021453857422:264.64184761047363:-0.08187619596719742),(59.226813316345215:233.28929901123047:-0.09861619025468826),(59.2476749420166:203.85343551635742:-0.11201947927474976)
02-05-2022 @ 12:23:07,Left,(534.0290832519531:404.53805923461914:-3.661782432828886e-09),(484.3918991088867:397.44998931884766:-0.047398727387189865),(440.26485443115234:372.4661922454834:-0.07813524454832077),(416.3351058959961:339.9946975708008:-0.10498668253421783),(399.06307220458984:312.61178970336914:-0.13404925167560577),(466.5098571777344:297.4939727783203:-0.06689580529928207),(444.49031829833984:240.8595085144043:-0.10215721279382706),(431.9752883911133:206.64909839630127:-0.12803001701831818),(422.0957565307617:176.99758529663086:-0.1475689560174942),(497.8582763671875:285.74137687683105:-0.06727924942970276),(478.56964111328125:223.50909233093262:-0.10328707844018936),(465.4874038696289:186.4118242263794:-0.13502365350723267),(454.5531463623047:153.44942092895508:-0.1596190631389618),(529.6353530883789:284.9502182006836:-0.07063334435224533),(518.346061706543:226.25407218933105:-0.10637828707695007),(507.88158416748047:190.7681179046631:-0.1392262727022171),(497.4431610107422:158.47103118896484:-0.1618734747171402),(562.9507827758789:294.3999767303467:-0.07801126688718796),(561.0654449462891:245.71383476257324:-0.11076096445322037),(554.4353485107422:215.0866985321045:-0.13525855541229248),(546.4203643798828:186.73985481262207:-0.15343546867370605)
02-05-2022 @ 12:23:07,Right,(101.32566452026367:436.22005462646484:1.0185869925294355e-08),(155.29250144958496:416.6594123840332:-0.03051929362118244),(199.70331192016602:375.7983112335205:-0.048697326332330704),(229.7818946838379:338.08610916137695:-0.06836814433336258),(259.2770767211914:317.74535179138184:-0.09028708189725876),(171.58370971679688:306.4094924926758:-0.022505715489387512),(194.5116424560547:252.82279014587402:-0.043841417878866196),(207.1152114868164:219.50594902038574:-0.06032294034957886),(217.54331588745117:190.04003047943115:-0.07329893112182617),(140.7077407836914:294.3007278442383:-0.030076725408434868),(155.10035514831543:232.6691436767578:-0.04579143226146698),(164.1583251953125:195.86039543151855:-0.06579136103391647),(172.53122329711914:163.4340763092041:-0.08348310738801956),(109.57463264465332:295.47048568725586:-0.04273632541298866),(114.70609664916992:236.84778213500977:-0.06264492124319077),(118.84862899780273:199.28011894226074:-0.08706758171319962),(125.12561798095703:166.9504451751709:-0.10550259798765182),(77.67210960388184:307.32839584350586:-0.05947922170162201),(69.3894624710083:261.89523696899414:-0.0786411240696907),(66.09309196472168:231.08046054840088:-0.09561426937580109),(66.54856204986572:201.63199424743652:-0.10916267335414886)
02-05-2022 @ 12:23:07,Left,(534.3292617797852:402.37964630126953:-2.9852782468253736e-09),(484.57611083984375:394.39982414245605:-0.04503918066620827),(440.11600494384766:367.8541946411133:-0.07407787442207336),(414.35302734375:335.00996589660645:-0.0999639555811882),(394.0747833251953:306.9740867614746:-0.12792646884918213),(467.5276184082031:295.4380989074707:-0.060152068734169006),(445.20118713378906:239.2277956008911:-0.09367194771766663),(431.9816207885742:205.45672416687012:-0.11852984130382538),(421.3003921508789:176.0681390762329:-0.13754497468471527),(498.6426544189453:283.33027839660645:-0.06170014292001724),(479.47269439697266:221.19532585144043:-0.09552156925201416),(466.17698669433594:184.56247329711914:-0.12642811238765717),(455.0123977661133:151.86312675476074:-0.15066827833652496),(530.3205108642578:282.3976135253906:-0.06645181775093079),(519.1671752929688:223.4714698791504:-0.10069911181926727),(508.84979248046875:188.89077186584473:-0.1326233446598053),(498.6635208129883:157.64711380004883:-0.15485036373138428),(563.3404159545898:291.91357612609863:-0.07520497590303421),(561.2085723876953:243.96360397338867:-0.10692960768938065),(554.4794082641602:214.09857273101807:-0.13077868521213531),(546.5599822998047:186.58032417297363:-0.1485779583454132)
02-05-2022 @ 12:23:07,Right,(102.03899383544922:436.823673248291:9.753995833250428e-09),(155.52173614501953:419.28906440734863:-0.029041524976491928),(200.14026641845703:378.21006774902344:-0.045965906232595444),(230.20797729492188:340.12367248535156:-0.06440310925245285),(259.08605575561523:319.524621963501:-0.08494794368743896),(174.68379974365234:306.4475440979004:-0.02091311849653721),(198.4375762939453:252.97840118408203:-0.040846992284059525),(211.1510467529297:219.40236568450928:-0.05629216507077217),(221.53690338134766:190.21798610687256:-0.06852814555168152),(144.25148963928223:294.00120735168457:-0.02837851271033287),(159.8444652557373:232.79351234436035:-0.04265109822154045),(169.37448501586914:196.0395383834839:-0.061263423413038254),(177.98444747924805:164.28422927856445:-0.07789260149002075),(113.34527969360352:294.931697845459:-0.04073713719844818),(119.63112831115723:236.56119346618652:-0.059310730546712875),(124.49076652526855:198.95779609680176:-0.08239222317934036),(130.83943367004395:167.31921672821045:-0.09981748461723328),(81.69106483459473:306.5793228149414:-0.05710991472005844),(73.43247413635254:261.1882495880127:-0.07526282966136932),(69.90808010101318:230.0112533569336:-0.09138666093349457),(69.8552656173706:200.76281547546387:-0.10417737811803818)
02-05-2022 @ 12:23:07,Left,(535.1129913330078:399.8122215270996:-3.0073941115205116e-09),(485.1271057128906:392.32781410217285:-0.04579415172338486),(440.79418182373047:367.0291328430176:-0.07606588304042816),(415.51414489746094:335.5472946166992:-0.10297740995883942),(396.7427444458008:308.6378860473633:-0.13210290670394897),(467.6213073730469:294.1882038116455:-0.06545618921518326),(444.6772003173828:238.63672256469727:-0.10097396373748779),(431.62952423095703:205.14119625091553:-0.12690019607543945),(421.38763427734375:175.79927444458008:-0.1465214490890503),(498.61297607421875:282.58312225341797:-0.06718091666698456),(480.0776672363281:220.4835033416748:-0.10321713238954544),(467.71385192871094:183.84880542755127:-0.13463613390922546),(457.64610290527344:150.6969165802002:-0.1590886116027832),(529.9907302856445:282.2383975982666:-0.07192295044660568),(518.9936828613281:223.764066696167:-0.1074863150715828),(509.2942810058594:188.7720251083374:-0.13938996195793152),(500.0750732421875:156.67088985443115:-0.16154204308986664),(562.806282043457:292.25521087646484:-0.08063060790300369),(561.0443496704102:244.1846752166748:-0.11318352818489075),(555.1017379760742:213.7851333618164:-0.13711105287075043),(548.3900833129883:185.41869163513184:-0.15498046576976776)
02-05-2022 @ 12:23:07,Right,(103.99784088134766:438.47185134887695:1.0391292271094699e-08),(158.88500213623047:420.86483001708984:-0.030266836285591125),(203.69354248046875:379.4944953918457:-0.04718809574842453),(233.59542846679688:340.894775390625:-0.065700963139534),(261.5677261352539:319.9467945098877:-0.08617367595434189),(178.66369247436523:307.2546672821045:-0.01772649586200714),(202.0221710205078:254.7854232788086:-0.036597006022930145),(215.04165649414062:221.2620735168457:-0.05158309265971184),(225.7779312133789:191.97147846221924:-0.06353309750556946),(148.3585262298584:294.4009494781494:-0.02447018399834633),(164.1168212890625:233.84078979492188:-0.03690067678689957),(173.94451141357422:197.39584922790527:-0.05438608676195145),(182.64549255371094:165.80084323883057:-0.07034594565629959),(117.56487846374512:295.3905773162842:-0.03665981814265251),(123.68642807006836:237.03100204467773:-0.053637273609638214),(128.34156036376953:200.2142858505249:-0.07551490515470505),(134.3661594390869:168.73905658721924:-0.09234876930713654),(85.95523834228516:307.42655754089355:-0.053239595144987106),(77.39125728607178:262.75657653808594:-0.06978499889373779),(73.51773262023926:232.0475149154663:-0.08487559854984283),(72.91079521179199:202.6626491546631:-0.0970536321401596)
02-05-2022 @ 12:23:07,Left,(534.3627166748047:398.22452545166016:-3.2000939675924656e-09),(485.47367095947266:391.50524139404297:-0.04913479462265968),(441.77074432373047:367.8153133392334:-0.08144379407167435),(417.0212936401367:337.0740795135498:-0.10997959971427917),(400.1199722290039:309.77391242980957:-0.14071372151374817),(468.3776092529297:294.0786838531494:-0.06882050633430481),(445.56690216064453:238.38017463684082:-0.1054055318236351),(432.1717071533203:205.03795623779297:-0.13233251869678497),(421.5513229370117:175.9687900543213:-0.1527707725763321),(499.15687561035156:282.1198081970215:-0.069450743496418),(480.60455322265625:220.1268768310547:-0.10689860582351685),(467.7617645263672:183.68406772613525:-0.1399005949497223),(457.30491638183594:151.12798690795898:-0.1655045598745346),(530.247917175293:281.4979648590088:-0.07330972701311111),(519.6063232421875:223.382248878479:-0.11036867648363113),(509.43485260009766:188.5568618774414:-0.14431726932525635),(499.5219421386719:156.77597522735596:-0.16781845688819885),(562.5243377685547:291.3676357269287:-0.0813160389661789),(560.5793380737305:243.7331771850586:-0.11507486552000046),(554.6345901489258:213.44100952148438:-0.14047808945178986),(547.8390121459961:185.35308837890625:-0.15951377153396606)
02-05-2022 @ 12:23:07,Right,(108.47936630249023:437.47461318969727:1.0997912802679366e-08),(162.07263946533203:417.9749393463135:-0.02593662403523922),(206.64207458496094:377.31576919555664:-0.04157077148556709),(237.26795196533203:340.36794662475586:-0.05928394943475723),(264.7139358520508:320.0214099884033:-0.07907886803150177),(181.4889907836914:306.96155548095703:-0.01744753122329712),(205.96158981323242:254.39990043640137:-0.03632664680480957),(220.00614166259766:221.82861328125:-0.05073818191885948),(231.8539047241211:192.94326782226562:-0.06238332763314247),(151.71209335327148:294.89190101623535:-0.026257187128067017),(167.76128768920898:234.19764518737793:-0.03948589414358139),(178.45375061035156:197.97184467315674:-0.05653085932135582),(187.8920555114746:166.10109329223633:-0.07227487117052078),(121.54272079467773:296.51890754699707:-0.03988692909479141),(127.2464370727539:237.88267135620117:-0.057664573192596436),(132.42396354675293:200.6036138534546:-0.07942863553762436),(138.86486053466797:168.27562808990479:-0.09612508863210678),(90.81282615661621:309.2445659637451:-0.0573662705719471),(81.1859130859375:264.29088592529297:-0.07433144748210907),(76.97404384613037:233.36364269256592:-0.08938810229301453),(76.13209247589111:203.68772506713867:-0.10156180709600449)
02-05-2022 @ 12:23:07,Left,(537.3999786376953:398.48645210266113:-2.6469628711112136e-09),(488.79146575927734:392.78008460998535:-0.047423556447029114),(445.50235748291016:369.88635063171387:-0.07912994176149368),(420.50716400146484:338.8920593261719:-0.10707482695579529),(401.3022232055664:309.99037742614746:-0.13731320202350616),(469.80091094970703:296.3138008117676:-0.06826058030128479),(446.37245178222656:240.16613960266113:-0.10413718968629837),(431.9696807861328:206.4911699295044:-0.13050495088100433),(420.66078186035156:176.8176555633545:-0.1507396250963211),(500.35106658935547:283.6420440673828:-0.06924854218959808),(480.49354553222656:221.64894104003906:-0.10616675764322281),(467.2054672241211:184.6098804473877:-0.13864396512508392),(456.3853073120117:151.40527725219727:-0.16400133073329926),(531.5663528442383:282.1996307373047:-0.07309926301240921),(519.6360397338867:223.95526885986328:-0.11015349626541138),(509.29222106933594:188.8776969909668:-0.14405307173728943),(499.25914764404297:156.7872190475464:-0.1675647497177124),(564.1468811035156:291.29602432250977:-0.08074691146612167),(561.4108657836914:244.1770362854004:-0.11488259583711624),(555.1461791992188:214.10293579101562:-0.14042970538139343),(548.050537109375:186.31814002990723:-0.15952251851558685)
02-05-2022 @ 12:23:07,Right,(111.13512992858887:437.67468452453613:1.1403264110754208e-08),(163.49817276000977:418.08048248291016:-0.02652200311422348),(207.8075408935547:376.60712242126465:-0.043017707765102386),(238.84859085083008:339.59890365600586:-0.06216307356953621),(266.65687561035156:318.94537925720215:-0.08346361666917801),(182.5324249267578:306.52862548828125:-0.014650474302470684),(206.34052276611328:253.80626678466797:-0.03345305472612381),(219.93602752685547:220.82307815551758:-0.0485495962202549),(231.4368438720703:191.7324686050415:-0.060968734323978424),(154.2081642150879:294.74544525146484:-0.024325275793671608),(169.80640411376953:234.29168701171875:-0.036434657871723175),(180.02691268920898:197.97277450561523:-0.05381711572408676),(189.15945053100586:165.9006643295288:-0.0701790526509285),(125.11300086975098:296.4210605621338:-0.039305172860622406),(130.57228088378906:238.0841588973999:-0.05564678832888603),(135.72843551635742:201.34454727172852:-0.07701520621776581),(142.17297554016113:169.1631317138672:-0.0941210463643074),(95.18312454223633:309.0879249572754:-0.058470387011766434),(84.90090370178223:264.55095291137695:-0.07459450513124466),(79.54098224639893:234.11214351654053:-0.08915454894304276),(77.56555080413818:204.62202072143555:-0.10130011290311813)
02-05-2022 @ 12:23:07,Left,(534.5105743408203:399.0186595916748:-3.7459715329646315e-09),(485.79822540283203:392.6232719421387:-0.048549383878707886),(442.54268646240234:368.2936477661133:-0.0808495581150055),(418.7729263305664:336.05189323425293:-0.10915077477693558),(401.0023498535156:306.8712615966797:-0.1396082043647766),(469.6476364135742:295.0875949859619:-0.070680633187294),(446.7195510864258:239.85071182250977:-0.10756759345531464),(433.0712127685547:206.61455154418945:-0.13431775569915771),(422.0996856689453:177.48544692993164:-0.15469487011432648),(500.4405975341797:283.07424545288086:-0.07169605791568756),(481.6032028198242:221.4552354812622:-0.11006586253643036),(468.48419189453125:184.88319396972656:-0.1427975594997406),(457.68627166748047:152.09006309509277:-0.16814793646335602),(531.4997100830078:282.6466655731201:-0.07567143440246582),(520.6182479858398:224.62989807128906:-0.11364515870809555),(510.3728485107422:189.5621395111084:-0.1470024734735489),(500.3525924682617:157.31022834777832:-0.17000843584537506),(563.7466812133789:292.7593803405762:-0.08359262347221375),(561.4320373535156:245.4682445526123:-0.11823268234729767),(555.6357192993164:215.07079124450684:-0.14345258474349976),(549.0756988525391:186.65322303771973:-0.16224253177642822)
02-05-2022 @ 12:23:07,Right,(109.09839630126953:435.8465766906738:1.0665130112386123e-08),(162.3651885986328:417.7910900115967:-0.028059277683496475),(207.34975814819336:377.0203113555908:-0.043737124651670456),(237.93766021728516:339.10815238952637:-0.06072934716939926),(264.959774017334:318.09033393859863:-0.07957503944635391),(182.29625701904297:307.03986167907715:-0.018835773691534996),(206.12388610839844:254.18200492858887:-0.03697563707828522),(219.19200897216797:220.93299865722656:-0.050846632570028305),(229.7557830810547:191.85450553894043:-0.06215899810194969),(153.3691120147705:294.65929985046387:-0.025576123967766762),(170.14179229736328:234.04778480529785:-0.03841106593608856),(180.71937561035156:197.24661827087402:-0.055178917944431305),(189.50117111206055:165.17419338226318:-0.07054957002401352),(123.7574577331543:295.68188667297363:-0.03705129399895668),(130.60060501098633:237.65984058380127:-0.054505035281181335),(135.71728706359863:200.73749542236328:-0.07557275891304016),(141.5825366973877:168.90127658843994:-0.09150847047567368),(93.71696472167969:307.54262924194336:-0.052480973303318024),(85.51689147949219:262.80375480651855:-0.06922218203544617),(81.28965377807617:232.44167804718018:-0.08377262949943542),(79.76815700531006:203.74780654907227:-0.09529539942741394)
02-05-2022 @ 12:23:07,Left,(536.5839385986328:399.6950626373291:-3.701625228558214e-09),(488.2190704345703:392.57457733154297:-0.04522029682993889),(445.1914596557617:368.5766887664795:-0.0758875384926796),(420.8657455444336:337.94697761535645:-0.10358970612287521),(404.061279296875:309.8753356933594:-0.1333114206790924),(470.85514068603516:293.60355377197266:-0.06244056299328804),(448.50730895996094:237.76803016662598:-0.0972219705581665),(435.13851165771484:204.38618659973145:-0.12276705354452133),(424.41959381103516:175.4730463027954:-0.1422485113143921),(501.63936614990234:281.8524169921875:-0.06462854892015457),(482.8034210205078:220.11390209197998:-0.10027287900447845),(470.2813720703125:183.5183572769165:-0.1313735693693161),(459.93053436279297:150.70913314819336:-0.1554725170135498),(533.0353927612305:281.6477966308594:-0.07003773748874664),(522.2329330444336:223.57200622558594:-0.10553207248449326),(512.6185607910156:188.80309581756592:-0.13720478117465973),(502.9685592651367:157.06777095794678:-0.15904110670089722),(565.743522644043:292.1525001525879:-0.07944513112306595),(563.4182357788086:244.47117805480957:-0.11207079142332077),(557.5851821899414:214.247145652771:-0.1359473019838333),(550.9661865234375:186.24245166778564:-0.15370933711528778)
02-05-2022 @ 12:23:07,Right,(111.37006759643555:436.14383697509766:1.029571183863709e-08),(162.8742218017578:417.5854682922363:-0.025771666318178177),(207.72024154663086:375.2348327636719:-0.040297672152519226),(238.55960845947266:337.67921447753906:-0.05700989440083504),(264.7928237915039:316.9526195526123:-0.07599376887083054),(183.6574935913086:305.86206436157227:-0.014708032831549644),(207.18719482421875:254.06679153442383:-0.03322179615497589),(220.48416137695312:221.23034477233887:-0.04808196797966957),(231.5174102783203:192.61788368225098:-0.06022045388817787),(155.14534950256348:293.7974452972412:-0.023668285459280014),(170.47727584838867:233.36408615112305:-0.036498066037893295),(181.02497100830078:196.50542736053467:-0.05459517613053322),(190.27145385742188:164.39653873443604:-0.07134285569190979),(125.95155715942383:295.241003036499:-0.03767744451761246),(131.23045921325684:237.09556102752686:-0.05533222481608391),(136.47899627685547:199.81060981750488:-0.07784856855869293),(142.8303050994873:167.60951042175293:-0.0952649712562561),(96.26444816589355:307.7450752258301:-0.055638253688812256),(86.88346862792969:262.7881622314453:-0.07311918586492538),(82.39997863769531:232.11559295654297:-0.08875250816345215),(81.03527069091797:203.16083908081055:-0.10140068084001541)
02-05-2022 @ 12:23:07,Left,(536.4859008789062:400.98423957824707:-3.4608829135862607e-09),(487.5569534301758:392.830753326416:-0.043319396674633026),(443.9802932739258:367.545804977417:-0.07289157062768936),(419.77062225341797:336.0329818725586:-0.09964795410633087),(403.2164001464844:308.8406181335449:-0.12869535386562347),(470.49800872802734:293.7274932861328:-0.0637228861451149),(448.02074432373047:239.07151222229004:-0.09936954826116562),(434.47574615478516:205.86493492126465:-0.12537550926208496),(423.7306213378906:176.87006950378418:-0.1451328992843628),(501.41796112060547:282.04442024230957:-0.06705762445926666),(483.00792694091797:220.83585262298584:-0.10361158102750778),(470.60874938964844:183.97527694702148:-0.13503465056419373),(460.3664779663086:150.60004234313965:-0.15953272581100464),(532.9513931274414:281.80975914001465:-0.07326094806194305),(522.3007583618164:223.93813133239746:-0.10949644446372986),(512.7474212646484:188.8223934173584:-0.14116252958774567),(503.42334747314453:156.38262748718262:-0.16315335035324097),(565.8535385131836:292.2425365447998:-0.08321834355592728),(564.1058731079102:244.73894119262695:-0.11652868986129761),(558.4347534179688:214.27468299865723:-0.1404346525669098),(552.1401977539062:185.56905269622803:-0.1582653671503067)
02-05-2022 @ 12:23:07,Right,(108.17188262939453:433.2927131652832:1.0072059630772401e-08),(161.87860488891602:416.2438201904297:-0.024536894634366035),(207.46862411499023:375.6943988800049:-0.03793655335903168),(238.1920623779297:337.44850158691406:-0.05284028500318527),(264.38343048095703:316.21888160705566:-0.06962308287620544),(183.8880729675293:305.4368019104004:-0.015437719412147999),(207.68957138061523:253.52313995361328:-0.03136163204908371),(220.99258422851562:220.4384708404541:-0.0433315671980381),(231.89544677734375:191.70827865600586:-0.05330576002597809),(154.33363914489746:292.6654243469238:-0.022804278880357742),(171.6101837158203:232.47538089752197:-0.03373115882277489),(182.4311637878418:196.13380908966064:-0.04853282496333122),(191.53770446777344:165.04194259643555:-0.062375880777835846),(123.94821166992188:293.73498916625977:-0.034523624926805496),(131.40361785888672:236.20476722717285:-0.0507560595870018),(136.75962448120117:199.0169334411621:-0.07057327777147293),(142.7785301208496:167.30708599090576:-0.08539757132530212),(92.9461669921875:305.9073257446289:-0.04982919245958328),(85.62891006469727:261.5024471282959:-0.06581117957830429),(82.03546524047852:231.22615814208984:-0.07960131019353867),(80.94058036804199:202.8573989868164:-0.0903172418475151)
02-05-2022 @ 12:23:07,Left,(536.9853210449219:400.76465606689453:-3.840155304857262e-09),(488.98109436035156:393.62972259521484:-0.04500511661171913),(445.94627380371094:369.28882598876953:-0.07671231776475906),(421.8218231201172:338.34028244018555:-0.10552900284528732),(403.8588333129883:310.1352310180664:-0.13670967519283295),(471.1872863769531:294.40887451171875:-0.06745462864637375),(448.88572692871094:238.62934112548828:-0.10513109713792801),(435.7400894165039:205.18223762512207:-0.13234588503837585),(425.3040313720703:175.76528549194336:-0.1529369354248047),(501.69525146484375:282.7144432067871:-0.07103491574525833),(483.15685272216797:220.45178890228271:-0.10968104004859924),(470.8819580078125:183.73443603515625:-0.14212080836296082),(460.6766891479492:150.18921375274658:-0.16725517809391022),(532.9787826538086:282.4908256530762:-0.07761213183403015),(522.5264358520508:223.6073112487793:-0.115775927901268),(513.3332061767578:188.55804920196533:-0.14826825261116028),(504.14173126220703:155.9624433517456:-0.1707226037979126),(565.7995986938477:293.0717468261719:-0.08801615238189697),(564.0745162963867:245.33984184265137:-0.12295686453580856),(558.4380722045898:214.88654136657715:-0.14764654636383057),(551.9852066040039:185.9937286376953:-0.16597311198711395)
02-05-2022 @ 12:23:07,Right,(112.06547737121582:433.1941223144531:1.0700883734671152e-08),(164.16297912597656:414.57289695739746:-0.027022872120141983),(207.87328720092773:373.6805820465088:-0.043060239404439926),(237.96661376953125:337.1194267272949:-0.0611955001950264),(264.88758087158203:317.4317264556885:-0.08146766573190689),(184.6451759338379:303.8969135284424:-0.016987269744277),(208.25700759887695:252.60503768920898:-0.03608113154768944),(221.32944107055664:219.98302459716797:-0.051398344337940216),(232.24605560302734:191.36990547180176:-0.06392008066177368),(155.97180366516113:291.94464683532715:-0.02579287625849247),(171.66385650634766:231.8434238433838:-0.039272237569093704),(181.88461303710938:195.01380443572998:-0.057454828172922134),(190.80415725708008:163.14153671264648:-0.0742066502571106),(126.70413970947266:293.5092258453369:-0.03968069702386856),(132.1051025390625:235.59998989105225:-0.057486701756715775),(137.3075771331787:199.1082000732422:-0.07958047837018967),(143.60329627990723:167.5747776031494:-0.09673633426427841),(96.95869445800781:305.9908962249756:-0.057633619755506516),(86.63204193115234:261.4899730682373:-0.07506119459867477),(82.01004028320312:231.21800422668457:-0.09038150310516357),(80.71328163146973:202.3458194732666:-0.10282104462385178)
02-05-2022 @ 12:23:07,Left,(536.0157775878906:403.52831840515137:-3.1522402466066524e-09),(487.1522903442383:394.9708843231201:-0.046248942613601685),(444.3270492553711:369.2639636993408:-0.07688523083925247),(420.44246673583984:337.30831146240234:-0.10440294444561005),(403.21353912353516:308.97637367248535:-0.13405965268611908),(472.5794982910156:294.4999694824219:-0.06179055571556091),(450.0794982910156:238.43586444854736:-0.09645776450634003),(435.9166717529297:204.44397926330566:-0.12267754226922989),(424.80796813964844:174.59436893463135:-0.1428363025188446),(503.2734680175781:282.8843307495117:-0.06357695907354355),(484.37530517578125:221.13385677337646:-0.09875383973121643),(471.4286804199219:184.01480197906494:-0.13093218207359314),(460.92647552490234:150.44670581817627:-0.15617860853672028),(534.4374465942383:282.58249282836914:-0.06873609870672226),(523.6992645263672:223.99110317230225:-0.10419408977031708),(513.675422668457:188.7556028366089:-0.13757680356502533),(503.7712860107422:156.1881923675537:-0.1609174609184265),(566.8479156494141:292.8940486907959:-0.07794999331235886),(564.9353408813477:245.02023696899414:-0.11080984771251678),(558.9005279541016:214.42442893981934:-0.1358376294374466),(552.0115661621094:185.55859565734863:-0.1547066569328308)
02-05-2022 @ 12:23:07,Right,(108.88509750366211:435.0830268859863:1.0670863304085287e-08),(161.72664642333984:416.18282318115234:-0.024606123566627502),(206.38900756835938:374.0120601654053:-0.039150748401880264),(236.70354843139648:336.1629867553711:-0.05643967166543007),(263.9744567871094:315.18187522888184:-0.0758729875087738),(182.00773239135742:304.6489906311035:-0.011439287103712559),(205.6891632080078:253.88943672180176:-0.02940613590180874),(219.06108856201172:221.26456260681152:-0.044014424085617065),(230.34603118896484:192.29567527770996:-0.05609571188688278),(153.6244010925293:292.76235580444336:-0.02149483561515808),(170.3141975402832:233.40631484985352:-0.033747777342796326),(181.28841400146484:196.79964065551758:-0.051196224987506866),(190.84043502807617:164.4750452041626:-0.06742238253355026),(124.22517776489258:294.35869216918945:-0.03678084909915924),(131.03032112121582:236.5596055984497:-0.05400543659925461),(137.18599319458008:199.6933364868164:-0.07542692869901657),(144.21265602111816:167.55256175994873:-0.09203474223613739),(93.80975723266602:306.81169509887695:-0.05602544918656349),(85.05256652832031:261.6946506500244:-0.07314508408308029),(81.2480354309082:231.1314868927002:-0.08791568875312805),(80.5198860168457:202.0881700515747:-0.09985756129026413)
02-05-2022 @ 12:23:07,Left,(542.1337127685547:399.16382789611816:-2.2584303316364185e-09),(491.1812973022461:392.98696517944336:-0.048035070300102234),(445.46558380126953:369.57767486572266:-0.07916249334812164),(419.0022277832031:338.21070671081543:-0.106194868683815),(401.5397262573242:310.42553901672363:-0.13518323004245758),(472.3883056640625:294.8192024230957:-0.06675615161657333),(449.91756439208984:238.43700885772705:-0.10085619240999222),(436.9682312011719:204.75849151611328:-0.12553471326828003),(427.10411071777344:175.8643913269043:-0.14440631866455078),(503.1395721435547:282.62097358703613:-0.06640716642141342),(483.67481231689453:220.05878448486328:-0.10092318803071976),(470.6668472290039:182.97354698181152:-0.1319366842508316),(460.2716827392578:150.16555309295654:-0.1562211513519287),(534.2109298706055:281.6671943664551:-0.06901337206363678),(523.343505859375:222.98274993896484:-0.1038956567645073),(513.1721496582031:187.94989585876465:-0.1370299756526947),(503.4400939941406:155.98178386688232:-0.15990731120109558),(566.5901565551758:291.364803314209:-0.07552828639745712),(564.7929000854492:243.0897045135498:-0.10803292691707611),(558.4539031982422:213.38241577148438:-0.13278742134571075),(551.3812637329102:185.9571075439453:-0.15116137266159058)
02-05-2022 @ 12:23:07,Right,(108.91100883483887:435.02540588378906:1.0653816495675983e-08),(161.07250213623047:416.5243721008301:-0.025359341874718666),(205.3205108642578:374.44396018981934:-0.040131520479917526),(236.0277557373047:336.36425971984863:-0.057261064648628235),(263.9883041381836:315.5523490905762:-0.07650245726108551),(180.94959259033203:304.61583137512207:-0.013637353666126728),(204.44673538208008:252.4050521850586:-0.03126711770892143),(217.45689392089844:219.4623613357544:-0.04530736804008484),(228.3330535888672:190.71577548980713:-0.057033706456422806),(152.30916023254395:292.7170658111572:-0.02290293201804161),(168.7446403503418:232.4421215057373:-0.034807465970516205),(179.19389724731445:195.83855152130127:-0.05185513198375702),(188.45327377319336:163.948974609375:-0.06778043508529663),(122.79900550842285:294.3562889099121:-0.037211719900369644),(129.59966659545898:236.30873680114746:-0.05395433306694031),(135.20888328552246:199.61256980895996:-0.07529828697443008),(141.79153442382812:167.9295015335083:-0.09190722554922104),(92.58060455322266:306.96441650390625:-0.055444251745939255),(83.62791061401367:262.1631145477295:-0.07250325381755829),(79.27347183227539:231.4976978302002:-0.08745478838682175),(78.14921379089355:202.42342472076416:-0.09946534782648087)
02-05-2022 @ 12:23:07,Left,(537.076416015625:401.6829299926758:-3.354507560615616e-09),(487.50328063964844:395.1518440246582:-0.04899463430047035),(443.3498764038086:368.7114715576172:-0.08041602373123169),(419.0876007080078:335.9175109863281:-0.10788233578205109),(400.3873825073242:307.3429584503174:-0.1374809741973877),(470.7802963256836:294.05370712280273:-0.06766001135110855),(449.21722412109375:236.30427360534668:-0.10320445150136948),(435.7785415649414:201.9929552078247:-0.1290769726037979),(424.7937774658203:172.50569343566895:-0.14880795776844025),(502.26131439208984:282.37269401550293:-0.06783334165811539),(484.0077590942383:219.50237274169922:-0.1043563038110733),(471.0499954223633:182.20481872558594:-0.1363043189048767),(460.2748107910156:149.24810886383057:-0.16099433600902557),(534.0755462646484:282.2229480743408:-0.07123441249132156),(522.8087997436523:222.79787063598633:-0.10801944136619568),(513.0007934570312:187.01869010925293:-0.141196608543396),(503.2789993286133:154.82409954071045:-0.16387850046157837),(566.8720245361328:292.56420135498047:-0.07880812138319016),(564.3713760375977:244.7526454925537:-0.1122724711894989),(558.7339782714844:214.01942253112793:-0.1371251493692398),(552.2739791870117:185.80623149871826:-0.15552416443824768)
02-05-2022 @ 12:23:07,Right,(106.45862579345703:435.2215576171875:1.0620992973997545e-08),(159.232177734375:416.7598056793213:-0.02511100098490715),(204.3944549560547:374.328088760376:-0.03925474360585213),(235.5282211303711:335.8861541748047:-0.055500105023384094),(263.7099266052246:314.92444038391113:-0.07376416772603989),(178.92335891723633:304.13469314575195:-0.013664154335856438),(201.83238983154297:252.1841812133789:-0.030930493026971817),(214.75440979003906:219.36409950256348:-0.04447467625141144),(225.37776947021484:190.72757720947266:-0.05569785088300705),(150.87050437927246:292.21092224121094:-0.0224370826035738),(167.52809524536133:232.39209651947021:-0.033910494297742844),(178.38985443115234:196.27046585083008:-0.05028774216771126),(187.5152587890625:164.54725742340088:-0.06565162539482117),(121.92506790161133:293.904333114624:-0.03615492954850197),(128.50132942199707:235.78508377075195:-0.052898745983839035),(134.1218376159668:199.22342777252197:-0.07395052909851074),(140.27990341186523:167.45598793029785:-0.09010060131549835),(92.10468292236328:306.66340827941895:-0.05367447808384895),(82.88408279418945:261.7493534088135:-0.07045307755470276),(78.30350399017334:231.15554809570312:-0.08508908748626709),(76.62074089050293:202.06598281860352:-0.096772201359272)
02-05-2022 @ 12:23:07,Left,(535.6546783447266:402.17233657836914:-2.662585485424529e-09),(485.8303451538086:394.2172050476074:-0.048913273960351944),(441.41807556152344:367.86266326904297:-0.08070986717939377),(416.64440155029297:335.0544548034668:-0.1085980087518692),(398.9732360839844:307.1997356414795:-0.13876748085021973),(470.0910949707031:294.46640968322754:-0.06935814768075943),(448.1351089477539:238.9066743850708:-0.10657805949449539),(434.79461669921875:205.0246238708496:-0.1337469071149826),(424.14302825927734:175.48765182495117:-0.1541317105293274),(501.09142303466797:282.98930168151855:-0.06995710730552673),(482.9491424560547:221.34756088256836:-0.10770691186189651),(470.12828826904297:184.2092227935791:-0.14065444469451904),(459.4696807861328:150.59494972229004:-0.16620871424674988),(532.5141143798828:282.4757480621338:-0.07371318340301514),(522.3369979858398:224.01077270507812:-0.1111932247877121),(512.1714401245117:188.39916229248047:-0.1449233889579773),(502.1404266357422:155.63711643218994:-0.16824285686016083),(565.2417755126953:292.17026710510254:-0.08158885687589645),(563.9595413208008:244.18879508972168:-0.11562620103359222),(557.7818298339844:213.68744373321533:-0.1408182829618454),(550.495491027832:184.8574733734131:-0.15966187417507172)
02-05-2022 @ 12:23:07,Right,(103.089599609375:435.0428009033203:1.0586202137119471e-08),(157.1516990661621:416.89908027648926:-0.027168594300746918),(202.41693496704102:374.1673278808594:-0.041387684643268585),(233.33106994628906:335.26150703430176:-0.05719536915421486),(261.68006896972656:315.06975173950195:-0.0748509019613266),(178.45876693725586:305.4225826263428:-0.014074208214879036),(201.63877487182617:253.1327247619629:-0.030451733618974686),(214.15441513061523:219.73617553710938:-0.04329906031489372),(224.3358039855957:190.67828178405762:-0.05406886711716652),(149.47439193725586:293.0536651611328:-0.021256158128380775),(166.97542190551758:232.71710872650146:-0.032084669917821884),(177.8565788269043:196.09688758850098:-0.04806365445256233),(186.9999885559082:164.6412706375122:-0.06301205605268478),(119.52926635742188:294.16211128234863:-0.03349505364894867),(127.21240997314453:235.95508575439453:-0.0499509759247303),(133.1896209716797:199.0204381942749:-0.07103713601827621),(139.83181953430176:167.0625114440918:-0.08702854812145233),(88.86189460754395:306.2793159484863:-0.04966946318745613),(80.77749252319336:261.29865646362305:-0.06620478630065918),(76.8712329864502:231.02492809295654:-0.0807989239692688),(75.70210456848145:202.23296642303467:-0.09231501072645187)
02-05-2022 @ 12:23:07,Left,(535.4308700561523:402.4780082702637:-2.3938684368118857e-09),(485.89420318603516:394.20384407043457:-0.0471682995557785),(442.4436569213867:368.5168647766113:-0.07769589126110077),(417.7707290649414:336.276912689209:-0.10439988225698471),(399.64637756347656:308.0295467376709:-0.13328817486763),(470.7216262817383:295.3971576690674:-0.06554411351680756),(448.70826721191406:239.3318223953247:-0.10036646574735641),(435.2537536621094:205.02307891845703:-0.12631303071975708),(424.5909881591797:175.19948959350586:-0.1461218297481537),(501.4967346191406:283.9412498474121:-0.06585749983787537),(482.84576416015625:222.25353240966797:-0.10127139836549759),(469.7654342651367:184.86868858337402:-0.13343597948551178),(458.76075744628906:151.3348388671875:-0.15856921672821045),(532.6553344726562:283.26576232910156:-0.0691491886973381),(521.5333938598633:225.02942562103271:-0.1046254113316536),(511.39217376708984:189.52726364135742:-0.1383531242609024),(501.22745513916016:156.9486951828003:-0.16179925203323364),(565.0733947753906:292.9567623138428:-0.07634416967630386),(563.0242919921875:244.87996101379395:-0.10899248719215393),(556.7828750610352:214.30922985076904:-0.13416020572185516),(549.4457244873047:185.7341194152832:-0.15306319296360016)
02-05-2022 @ 12:23:07,Right,(104.0654182434082:434.0122318267822:1.0772351899390742e-08),(157.369966506958:414.6953773498535:-0.026689982041716576),(202.82119750976562:372.98609733581543:-0.041989099234342575),(233.72779846191406:334.99706268310547:-0.05912792310118675),(261.4213180541992:314.503755569458:-0.07828447967767715),(178.01158905029297:304.82213973999023:-0.015945270657539368),(200.8197784423828:252.35770225524902:-0.03377242758870125),(213.35760116577148:219.09856796264648:-0.047586146742105484),(223.57032775878906:190.07248878479004:-0.059084776788949966),(148.80270957946777:293.21571350097656:-0.02427402324974537),(165.82469940185547:233.0596160888672:-0.03641173616051674),(176.37508392333984:196.09160900115967:-0.05299987271428108),(185.18783569335938:163.8716697692871:-0.06859171390533447),(118.7496280670166:294.84764099121094:-0.037540238350629807),(125.98908424377441:236.9745111465454:-0.05476943403482437),(131.5928554534912:199.4067907333374:-0.0757116973400116),(137.93462753295898:166.74213409423828:-0.09192037582397461),(87.8631591796875:307.3014163970947:-0.05477817729115486),(79.39043998718262:261.9619846343994:-0.0719599798321724),(75.74456691741943:231.5324592590332:-0.08641304075717926),(74.98315334320068:202.70822525024414:-0.09799709171056747)
02-05-2022 @ 12:23:07,Left,(535.4594421386719:402.0948600769043:-2.8345663594109283e-09),(486.0595703125:394.55409049987793:-0.04803280904889107),(442.09468841552734:369.2112636566162:-0.08007963001728058),(417.55226135253906:336.5621280670166:-0.10862554609775543),(399.7266387939453:306.19285583496094:-0.1392734944820404),(468.92024993896484:295.0279140472412:-0.06528711318969727),(448.2637405395508:238.35107803344727:-0.1013050451874733),(435.99369049072266:204.21810150146484:-0.12832467257976532),(426.2451934814453:174.4253969192505:-0.14887100458145142),(499.71092224121094:283.9375305175781:-0.0663340762257576),(481.7951202392578:221.94537162780762:-0.10316494852304459),(469.58709716796875:184.68881607055664:-0.1366519331932068),(459.3399429321289:151.0034465789795:-0.16257363557815552),(531.1206436157227:283.3750247955322:-0.07068176567554474),(520.7749557495117:224.74156379699707:-0.10749386996030807),(511.4019012451172:189.15590286254883:-0.1419186145067215),(502.1063232421875:156.8329095840454:-0.16566048562526703),(563.9905548095703:292.9980182647705:-0.07905236631631851),(562.2281646728516:244.56310272216797:-0.11287426948547363),(555.8758926391602:214.02769088745117:-0.13851560652256012),(548.5556793212891:185.4521656036377:-0.15762808918952942)
02-05-2022 @ 12:23:07,Right,(105.87777137756348:433.4117889404297:1.061372145727546e-08),(158.361177444458:414.6792411804199:-0.025137977674603462),(202.3763084411621:372.7467727661133:-0.03933795541524887),(232.35515594482422:334.4970417022705:-0.055448394268751144),(260.1615524291992:314.43663597106934:-0.07350326329469681),(178.1632423400879:303.89854431152344:-0.015029790811240673),(200.35953521728516:251.27197265625:-0.03199769929051399),(212.6607894897461:217.99226760864258:-0.045125458389520645),(222.58243560791016:189.2790126800537:-0.05606161057949066),(149.07787322998047:292.1510696411133:-0.02343105897307396),(165.33056259155273:231.9153070449829:-0.03493663668632507),(175.64453125:195.41334629058838:-0.05103767663240433),(184.36004638671875:164.1652250289917:-0.06611818075180054),(119.0846061706543:293.58083724975586:-0.03649372607469559),(125.7476806640625:235.73015213012695:-0.05321299657225609),(130.9272575378418:198.47185134887695:-0.07400941103696823),(136.80963516235352:166.6794490814209:-0.08991304785013199),(88.18876266479492:305.8641815185547:-0.05330510437488556),(79.50570583343506:260.8702754974365:-0.07005336880683899),(75.88327407836914:230.6202507019043:-0.08441493660211563),(75.03875255584717:202.21558570861816:-0.09585093706846237)
02-05-2022 @ 12:23:07,Left,(534.1335296630859:402.240514755249:-3.2625027124311146e-09),(484.71641540527344:394.09114837646484:-0.04484015703201294),(440.992431640625:367.59132385253906:-0.0745004266500473),(416.05499267578125:335.0075912475586:-0.10107951611280441),(397.55126953125:307.0558834075928:-0.1297578066587448),(467.2609329223633:293.36151123046875:-0.06090276688337326),(446.2422180175781:237.18358039855957:-0.09461964666843414),(433.97464752197266:203.03644180297852:-0.1197267472743988),(424.2999267578125:173.47485065460205:-0.1389990895986557),(498.2676696777344:282.3972415924072:-0.06280132383108139),(479.8957824707031:221.17984771728516:-0.09696270525455475),(467.23888397216797:184.47625637054443:-0.12788867950439453),(456.57020568847656:151.48728847503662:-0.1520889699459076),(530.0783920288086:282.6474666595459:-0.0678863674402237),(518.9617156982422:224.37798500061035:-0.10247362405061722),(509.14527893066406:189.02252197265625:-0.13474705815315247),(499.25121307373047:156.8018388748169:-0.1571667343378067),(563.3450317382812:293.3298397064209:-0.07688132673501968),(561.8644714355469:245.3437042236328:-0.10887085646390915),(555.6536102294922:214.70645427703857:-0.13300566375255585),(548.2756805419922:186.26609802246094:-0.15108676254749298)
02-05-2022 @ 12:23:07,Right,(110.41497230529785:432.5922203063965:1.1264650545683708e-08),(161.79454803466797:412.60717391967773:-0.02470390312373638),(203.17081451416016:370.6534194946289:-0.03888975828886032),(232.0439910888672:333.2965850830078:-0.0555378682911396),(261.2618064880371:314.6349048614502:-0.07413143664598465),(176.59591674804688:301.7117500305176:-0.012027909979224205),(198.61875534057617:249.32129859924316:-0.028544411063194275),(211.68472290039062:216.98650360107422:-0.04187445342540741),(222.65741348266602:188.8798999786377:-0.053032997995615005),(148.8440704345703:290.7265090942383:-0.02097153663635254),(164.4279670715332:231.12377643585205:-0.031491346657276154),(175.16555786132812:195.7157564163208:-0.047801461070775986),(184.49604034423828:165.0639009475708:-0.06319878995418549),(120.4007625579834:292.71660804748535:-0.03486568108201027),(125.96933364868164:235.08022785186768:-0.050107188522815704),(131.0826301574707:198.69976043701172:-0.07114190608263016),(137.2792625427246:167.27043628692627:-0.08769404143095016),(91.19016647338867:305.55850982666016:-0.052617624402046204),(80.22594451904297:261.5024757385254:-0.06796329468488693),(74.7962999343872:231.16144180297852:-0.08227217197418213),(72.58298873901367:202.45121955871582:-0.09404852241277695)
02-05-2022 @ 12:23:07,Left,(533.8875198364258:402.7636528015137:-2.766137097154342e-09),(484.4001007080078:394.46248054504395:-0.046272773295640945),(440.3300476074219:368.34692001342773:-0.07626496255397797),(415.22308349609375:335.3998374938965:-0.10268973559141159),(396.4957046508789:306.2372016906738:-0.13112926483154297),(467.6423645019531:294.8707580566406:-0.06309723854064941),(446.1973571777344:239.1390609741211:-0.09700144827365875),(433.3892822265625:205.6194305419922:-0.12178832292556763),(423.2353973388672:176.30687713623047:-0.1407540887594223),(498.67298126220703:283.09510231018066:-0.06408781558275223),(479.7193908691406:221.6019630432129:-0.09851842373609543),(466.99676513671875:184.69618320465088:-0.1294468641281128),(456.36402130126953:151.18864059448242:-0.15367227792739868),(530.3778076171875:282.58209228515625:-0.06817871332168579),(519.1179275512695:224.3035125732422:-0.10295316576957703),(509.25750732421875:189.2724609375:-0.13491567969322205),(499.4898986816406:157.03501224517822:-0.15710189938545227),(563.6223602294922:292.6702308654785:-0.07622847706079483),(561.3660430908203:244.74786758422852:-0.10827609151601791),(555.1130676269531:214.8775577545166:-0.13206687569618225),(547.879524230957:187.03831672668457:-0.14978276193141937)
02-05-2022 @ 12:23:07,Right,(109.48719024658203:431.9885730743408:1.073844391186185e-08),(162.07141876220703:412.49576568603516:-0.02279188297688961),(204.3065071105957:370.8952045440674:-0.03617417812347412),(233.64885330200195:333.21144104003906:-0.05207621306180954),(262.59449005126953:313.276948928833:-0.06992220878601074),(177.51523971557617:302.1547508239746:-0.011724557727575302),(200.64205169677734:250.29830932617188:-0.028115052729845047),(214.49213027954102:217.94813632965088:-0.04095055162906647),(226.20380401611328:189.3755578994751:-0.051712632179260254),(148.88505935668945:290.540771484375:-0.02134537696838379),(165.00146865844727:230.89246273040771:-0.032343536615371704),(176.01198196411133:195.00131607055664:-0.048285454511642456),(185.87650299072266:163.8249921798706:-0.06320840865373611),(119.53592300415039:292.50460624694824:-0.035633157938718796),(125.1124382019043:234.43342208862305:-0.0518340989947319),(130.14947891235352:197.4939250946045:-0.07288049906492233),(136.62607192993164:165.65304279327393:-0.0889592319726944),(89.67048645019531:305.73251724243164:-0.05343039706349373),(79.75666522979736:261.55211448669434:-0.06953451037406921),(74.7964859008789:231.22231006622314:-0.08395808190107346),(73.14059257507324:202.4304485321045:-0.09551943838596344)
02-05-2022 @ 12:23:07,Left,(535.3794097900391:402.4097728729248:-2.7869222485321643e-09),(486.2672805786133:394.8464584350586:-0.04502009600400925),(442.2392272949219:369.6551513671875:-0.07461410015821457),(417.00538635253906:337.17641830444336:-0.10090325772762299),(399.51019287109375:308.00119400024414:-0.12930168211460114),(467.65560150146484:295.82362174987793:-0.06209017336368561),(445.8266830444336:239.68494415283203:-0.09614092111587524),(432.95604705810547:205.89978218078613:-0.12112646549940109),(422.8554153442383:176.35162353515625:-0.14019756019115448),(498.2765197753906:283.95472526550293:-0.06360901147127151),(479.0113067626953:221.98755741119385:-0.09859262406826019),(466.24454498291016:185.07794380187988:-0.12975221872329712),(455.7334899902344:151.73712730407715:-0.15393567085266113),(529.6181488037109:283.12268257141113:-0.06816849112510681),(518.6297607421875:224.27118301391602:-0.10371962189674377),(508.80592346191406:189.0171718597412:-0.1363336145877838),(499.3478775024414:156.7963457107544:-0.15867561101913452),(562.4154663085938:292.77966499328613:-0.07652038335800171),(560.1620483398438:244.57597732543945:-0.1095513254404068),(553.4194564819336:214.3850326538086:-0.13413122296333313),(545.8856582641602:186.3248348236084:-0.1522374451160431)
02-05-2022 @ 12:23:07,Right,(102.39984512329102:434.8158073425293:1.0044923115515303e-08),(156.44981384277344:417.5541114807129:-0.027319222688674927),(200.8432388305664:374.573335647583:-0.042881593108177185),(230.63959121704102:335.3551483154297:-0.060337744653224945),(259.5808982849121:314.6832847595215:-0.07994726300239563),(175.89876174926758:304.2386054992676:-0.017570648342370987),(199.83985900878906:251.96096420288086:-0.036931898444890976),(214.0715217590332:218.99130821228027:-0.051758479326963425),(226.25717163085938:189.76324081420898:-0.06371073424816132),(147.0872688293457:292.13098526000977:-0.025911569595336914),(164.45316314697266:231.73321723937988:-0.039683252573013306),(176.16743087768555:195.6214427947998:-0.057289883494377136),(186.79964065551758:163.74419689178467:-0.07323624938726425),(117.6070785522461:293.6418342590332:-0.03935747593641281),(125.01233100891113:235.25141716003418:-0.05805305391550064),(131.21647834777832:198.4402370452881:-0.0801253691315651),(138.6970329284668:166.50771617889404:-0.09666784107685089),(87.43749618530273:306.11188888549805:-0.05674587935209274),(79.30038452148438:261.0063171386719:-0.07496750354766846),(74.81918334960938:230.29858589172363:-0.09045112133026123),(73.67440700531006:201.2068748474121:-0.10259805619716644)
02-05-2022 @ 12:23:07,Left,(534.7747802734375:401.76358222961426:-2.1684558593193515e-09),(484.81029510498047:394.8896884918213:-0.04852675274014473),(440.7838439941406:370.28554916381836:-0.08009212464094162),(416.5852737426758:337.59206771850586:-0.10769609361886978),(398.9208984375:308.03672790527344:-0.1373429298400879),(467.97149658203125:296.31680488586426:-0.06722164154052734),(447.09712982177734:240.05593299865723:-0.1023239716887474),(434.54322814941406:206.56466960906982:-0.1279924213886261),(424.5609664916992:177.41867065429688:-0.14754928648471832),(498.8756561279297:284.23925399780273:-0.06736990809440613),(480.5333709716797:222.23891258239746:-0.10327525436878204),(467.52941131591797:185.31620979309082:-0.13550883531570435),(456.72374725341797:152.2258186340332:-0.1606214940547943),(530.1035308837891:283.2418727874756:-0.07058952003717422),(518.5244750976562:224.97050285339355:-0.10665325820446014),(508.1834030151367:189.67517852783203:-0.14022356271743774),(498.2486343383789:157.71944046020508:-0.16343708336353302),(562.8477478027344:292.41419792175293:-0.07780921459197998),(560.0630187988281:244.98950958251953:-0.11087638139724731),(553.7379455566406:214.98896598815918:-0.13585922122001648),(546.4969253540039:187.26020336151123:-0.15446914732456207)
02-05-2022 @ 12:23:07,Right,(105.17245292663574:433.63134384155273:1.1253853848813833e-08),(158.4090805053711:413.9106559753418:-0.023840075358748436),(201.81524276733398:372.1262454986572:-0.03719858080148697),(231.35066986083984:334.1479969024658:-0.05332144349813461),(259.43572998046875:313.9834785461426:-0.0713186264038086),(176.0080337524414:302.9125499725342:-0.007074486929923296),(198.3068084716797:251.02126121520996:-0.02226177603006363),(211.64695739746094:218.3558750152588:-0.034913063049316406),(222.98664093017578:189.7225284576416:-0.04571731388568878),(148.05734634399414:291.2932777404785:-0.016323134303092957),(164.46670532226562:231.9613552093506:-0.025216298177838326),(175.86166381835938:196.036376953125:-0.04058346524834633),(185.68008422851562:164.6443748474121:-0.05533367395401001),(119.13650512695312:292.9563045501709:-0.03083517588675022),(125.50013542175293:235.2863645553589:-0.04493871331214905),(131.34437561035156:198.59865188598633:-0.064851313829422),(138.06690216064453:166.14521026611328:-0.08068253844976425),(89.28024291992188:305.55994033813477:-0.049349214881658554),(79.723219871521:261.47366523742676:-0.06375083327293396),(75.3196382522583:231.5324592590332:-0.0771157443523407),(73.77050876617432:202.56131172180176:-0.08815411478281021)
02-05-2022 @ 12:23:08,Left,(531.2868499755859:402.38142013549805:-3.4112166424904444e-09),(482.5949478149414:394.56212997436523:-0.04770256206393242),(439.62730407714844:369.9220848083496:-0.07923144102096558),(415.8198547363281:337.7259063720703:-0.10718011111021042),(398.64391326904297:308.28246116638184:-0.13722096383571625),(468.0931091308594:295.0957775115967:-0.06477770954370499),(446.73717498779297:239.64563369750977:-0.10017704963684082),(433.7395477294922:206.32155418395996:-0.1265658289194107),(423.3685302734375:177.19416618347168:-0.14677126705646515),(498.4720230102539:283.82251739501953:-0.06591040641069412),(479.45789337158203:222.61712551116943:-0.10250285267829895),(466.13155364990234:185.8860683441162:-0.13552701473236084),(455.0030517578125:152.4726676940918:-0.16112719476222992),(529.4276809692383:283.70055198669434:-0.07032901793718338),(518.6097717285156:225.92388153076172:-0.10718438029289246),(508.2612609863281:191.0514736175537:-0.14122311770915985),(497.8038787841797:158.40803146362305:-0.1646946370601654),(562.0611572265625:294.17049407958984:-0.07874918729066849),(559.9895858764648:246.40485763549805:-0.11283409595489502),(553.5513305664062:216.35870933532715:-0.13832658529281616),(545.963134765625:188.03861618041992:-0.15725375711917877)
02-05-2022 @ 12:23:08,Right,(106.23428344726562:435.99660873413086:1.0665207383908637e-08),(157.8455352783203:416.30727767944336:-0.02393660508096218),(201.49412155151367:372.18907356262207:-0.03910312429070473),(231.92039489746094:334.2106819152832:-0.05732232332229614),(260.48900604248047:314.7421073913574:-0.07782357186079025),(176.6339111328125:302.6172065734863:-0.01298515871167183),(199.26790237426758:250.31476020812988:-0.03171990439295769),(212.59082794189453:217.41371154785156:-0.04697461053729057),(223.72764587402344:188.6374568939209:-0.059653110802173615),(148.98096084594727:291.9004440307617:-0.024158773943781853),(164.30814743041992:232.05267906188965:-0.03678396716713905),(175.26798248291016:195.9447956085205:-0.054846957325935364),(185.12380599975586:164.0976333618164:-0.07173343747854233),(120.15772819519043:294.3006134033203:-0.04042313992977142),(125.33177375793457:236.07500553131104:-0.057493630796670914),(131.2110137939453:199.0676736831665:-0.07972519844770432),(138.06750297546387:166.56638145446777:-0.09734190255403519),(90.1923942565918:307.3594093322754:-0.06058767810463905),(79.52243328094482:262.67160415649414:-0.07749899476766586),(74.40188884735107:232.1967315673828:-0.09272251278162003),(72.53197193145752:202.55318641662598:-0.10539569705724716)
02-05-2022 @ 12:23:08,Left,(534.5109176635742:401.1983013153076:-3.0027733632920217e-09),(485.8388137817383:394.5604133605957:-0.043923020362854004),(442.06287384033203:370.371036529541:-0.07506777346134186),(417.62245178222656:339.16683197021484:-0.10304730385541916),(400.5265808105469:310.90295791625977:-0.1334872543811798),(466.95262908935547:296.9180202484131:-0.0692615881562233),(445.7244110107422:240.08482933044434:-0.10666176676750183),(432.5474548339844:205.99757194519043:-0.13357508182525635),(422.05482482910156:176.46409034729004:-0.1539594829082489),(497.2813415527344:285.8430290222168:-0.07248105853796005),(478.9363479614258:223.6489963531494:-0.11146627366542816),(466.0365295410156:186.4650535583496:-0.14414404332637787),(455.3973388671875:152.9994535446167:-0.169370636343956),(528.2638549804688:285.5633068084717:-0.07813228666782379),(518.0401992797852:226.65066719055176:-0.11671657860279083),(507.8901672363281:191.13667488098145:-0.15006570518016815),(498.16036224365234:158.71258735656738:-0.172942116856575),(560.8612442016602:295.35879135131836:-0.08726043254137039),(559.0321731567383:247.42183685302734:-0.12283289432525635),(552.37060546875:216.55863761901855:-0.14838559925556183),(544.9001312255859:187.54258632659912:-0.16728417575359344)
02-05-2022 @ 12:23:08,Right,(105.89920043945312:436.07726097106934:1.1068277849801689e-08),(158.8081932067871:416.2561798095703:-0.02215591073036194),(202.7276611328125:373.0930995941162:-0.03509768098592758),(232.82543182373047:334.9632740020752:-0.05083434656262398),(261.6252899169922:315.258150100708:-0.06853905320167542),(177.3436737060547:303.95636558532715:-0.010785113088786602),(200.60247421264648:251.7579746246338:-0.02752840146422386),(214.48238372802734:219.04927253723145:-0.04072215408086777),(226.07872009277344:190.40216445922852:-0.05176466330885887),(148.84543418884277:292.3600387573242:-0.021040266379714012),(165.44265747070312:232.37940788269043:-0.032424092292785645),(176.87108993530273:196.33588314056396:-0.048786044120788574),(187.060546875:164.81145858764648:-0.06407839804887772),(119.28277015686035:294.1864013671875:-0.03602280467748642),(125.55889129638672:235.61224937438965:-0.05243273079395294),(131.24334335327148:198.80815029144287:-0.07351184636354446),(138.22065353393555:166.79689407348633:-0.08974548429250717),(88.74143600463867:306.97291374206543:-0.054588597267866135),(79.13379192352295:262.2598171234131:-0.0707843080163002),(74.66101169586182:231.5864896774292:-0.08534222096204758),(73.50008487701416:202.17082500457764:-0.0971226617693901)
02-05-2022 @ 12:23:08,Left,(529.8443603515625:401.9974708557129:-3.92774257562678e-09),(481.7788314819336:395.3125762939453:-0.04776772856712341),(439.0876770019531:371.145715713501:-0.08065923303365707),(415.9794616699219:339.75062370300293:-0.10996735095977783),(400.25474548339844:311.29523277282715:-0.14162050187587738),(465.83560943603516:295.9749412536621:-0.07135198265314102),(444.83192443847656:239.99834060668945:-0.10953202843666077),(431.8617248535156:206.47418975830078:-0.1372116357088089),(421.44840240478516:177.62454986572266:-0.15809738636016846),(496.60396575927734:284.4989490509033:-0.07335374504327774),(478.5022735595703:222.91288375854492:-0.11306318640708923),(465.3790283203125:186.15045547485352:-0.14665421843528748),(454.5285415649414:153.2197666168213:-0.17248770594596863),(527.8199768066406:284.40330505371094:-0.07830382138490677),(517.0014953613281:226.12987518310547:-0.11748626828193665),(506.62757873535156:190.83831310272217:-0.15164218842983246),(496.40960693359375:158.69306087493896:-0.17509499192237854),(560.4683685302734:294.7932243347168:-0.08716870844364166),(558.5912322998047:247.59618759155273:-0.12289546430110931),(552.316780090332:216.90619468688965:-0.148751899600029),(545.0967407226562:188.3114719390869:-0.16792075335979462)
02-05-2022 @ 12:23:08,Right,(104.52886581420898:440.18900871276855:1.0954086526737683e-08),(157.12448120117188:420.2069091796875:-0.021270867437124252),(201.81224822998047:376.2381649017334:-0.035207439213991165),(232.9306411743164:337.46912956237793:-0.0525238998234272),(262.54234313964844:315.98456382751465:-0.07196876406669617),(177.42694854736328:305.74856758117676:-0.01049935445189476),(201.4725112915039:253.0268383026123:-0.028577663004398346),(215.88069915771484:220.1059055328369:-0.0429302416741848),(228.00121307373047:191.1917495727539:-0.05493517965078354),(149.2177391052246:294.56191062927246:-0.022701002657413483),(166.0137939453125:234.02263641357422:-0.03549746796488762),(177.66530990600586:197.55412101745605:-0.05300183966755867),(188.0703353881836:165.2496099472046:-0.0692097619175911),(119.75628852844238:296.8216323852539:-0.03978006914258003),(126.07457160949707:237.58749961853027:-0.05750252306461334),(132.2263240814209:200.3433895111084:-0.07926061004400253),(139.361572265625:167.91887283325195:-0.09605536609888077),(89.01626586914062:310.02711296081543:-0.06041688472032547),(79.44220066070557:264.2453956604004:-0.07782772183418274),(74.74186897277832:233.11105728149414:-0.09292058646678925),(73.3509349822998:203.38447093963623:-0.10518929362297058)
02-05-2022 @ 12:23:08,Left,(525.4531478881836:407.4905490875244:-1.8497912090964519e-09),(476.69910430908203:400.1428413391113:-0.04609955847263336),(435.6255340576172:374.4521999359131:-0.07729347795248032),(414.3932342529297:341.92766189575195:-0.10507569462060928),(397.86598205566406:313.33725929260254:-0.135146364569664),(463.2783508300781:300.0425148010254:-0.06670510768890381),(443.36524963378906:243.2837677001953:-0.10233532637357712),(430.2381134033203:209.2357063293457:-0.1285695880651474),(419.81117248535156:179.73665714263916:-0.1485062688589096),(494.04491424560547:289.07243728637695:-0.06819277256727219),(476.9575500488281:227.16845512390137:-0.10472054779529572),(464.0290069580078:190.08502006530762:-0.13690266013145447),(453.28529357910156:157.27370738983154:-0.16194066405296326),(525.0886154174805:288.81540298461914:-0.07246284186840057),(515.4516983032227:230.1958179473877:-0.10888100415468216),(505.2742385864258:194.66732025146484:-0.14216682314872742),(495.0687789916992:162.75383949279785:-0.1652231216430664),(557.3318099975586:298.42040061950684:-0.0805940330028534),(556.5642547607422:251.0152530670166:-0.1139579564332962),(550.6991195678711:220.6223487854004:-0.1389217972755432),(543.2682418823242:192.35552787780762:-0.15760362148284912)
02-05-2022 @ 12:23:08,Right,(105.8148193359375:445.70302963256836:1.1232518914994216e-08),(158.77215385437012:423.7339782714844:-0.0182120930403471),(203.7798309326172:378.6338138580322:-0.03087010607123375),(234.47391510009766:339.5884609222412:-0.047758471220731735),(261.9542121887207:316.40210151672363:-0.0669969692826271),(178.69647979736328:309.0494155883789:-0.006168136838823557),(202.57827758789062:256.04713439941406:-0.024477433413267136),(217.3139762878418:222.9993438720703:-0.03937902674078941),(229.7917938232422:193.81118774414062:-0.05185307189822197),(150.44718742370605:298.1249141693115:-0.02074553072452545),(166.74922943115234:236.94242477416992:-0.03390592709183693),(178.92881393432617:199.74560737609863:-0.05214793235063553),(189.85429763793945:166.75313472747803:-0.06912319362163544),(121.0324764251709:300.7229232788086:-0.04030079022049904),(126.39727592468262:240.73253631591797:-0.058440204709768295),(133.10131072998047:202.51009941101074:-0.08075657486915588),(140.86923599243164:169.36816692352295:-0.09822022169828415),(90.3337574005127:314.4019603729248:-0.06332918256521225),(79.6539831161499:268.02088737487793:-0.08107864111661911),(74.9256706237793:236.37476921081543:-0.09648942947387695),(73.62227439880371:206.3957977294922:-0.10923425108194351)
02-05-2022 @ 12:23:08,Left,(520.8622360229492:416.25017166137695:-1.6798551438768072e-09),(471.46045684814453:409.1074562072754:-0.05483437702059746),(430.84484100341797:382.73669242858887:-0.09250692278146744),(409.1836929321289:349.7874927520752:-0.1257825344800949),(390.8721160888672:320.09528160095215:-0.16150037944316864),(460.91819763183594:306.7360496520996:-0.07987867295742035),(440.6468200683594:250.46716690063477:-0.12229085713624954),(427.20409393310547:216.96122646331787:-0.1534395068883896),(416.07421875:188.2662534713745:-0.1768902987241745),(491.72779083251953:296.3071060180664:-0.080954410135746),(472.97340393066406:234.34839248657227:-0.12524297833442688),(459.02828216552734:196.98145866394043:-0.16388988494873047),(446.78394317626953:163.10630321502686:-0.19347375631332397),(522.792854309082:297.2339344024658:-0.08537972718477249),(511.8962860107422:238.08843612670898:-0.12859736382961273),(500.42163848876953:201.7744016647339:-0.16790372133255005),(488.72467041015625:168.6370325088501:-0.19516372680664062),(555.3306579589844:308.82845878601074:-0.09412415325641632),(554.6042633056641:260.0196075439453:-0.13309529423713684),(548.0793762207031:228.59281539916992:-0.16249167919158936),(539.7222518920898:198.92018795013428:-0.18464921414852142)
02-05-2022 @ 12:23:08,Right,(108.81000518798828:452.19812393188477:1.0863274724215444e-08),(162.17164993286133:430.47125816345215:-0.021775400266051292),(206.15228652954102:386.204309463501:-0.03588474169373512),(235.17898559570312:345.97323417663574:-0.05319599807262421),(262.10500717163086:320.82252502441406:-0.0725959837436676),(181.35995864868164:313.9375591278076:-0.011624022386968136),(204.8326301574707:260.59953689575195:-0.0306693185120821),(219.53296661376953:227.52400875091553:-0.04532904177904129),(232.2239112854004:198.41084003448486:-0.05717182904481888),(151.7978286743164:302.52453804016113:-0.02375497855246067),(168.21380615234375:241.14423751831055:-0.038002900779247284),(179.8980712890625:204.7345733642578:-0.05540468543767929),(190.79591751098633:172.71275997161865:-0.07111746817827225),(121.32684707641602:304.97486114501953:-0.040817659348249435),(128.29838752746582:244.59935188293457:-0.059862565249204636),(135.10833740234375:207.05180168151855:-0.0809243842959404),(143.52500915527344:175.05918502807617:-0.09694352000951767),(89.27690505981445:318.70694160461426:-0.06156015023589134),(80.13729095458984:271.90773010253906:-0.07982029765844345),(76.37195587158203:239.7923183441162:-0.09476415067911148),(76.44972801208496:209.6945858001709:-0.10677646100521088)
02-05-2022 @ 12:23:08,Left,(512.987174987793:433.496618270874:8.632444759015812e-10),(463.4423065185547:423.3441352844238:-0.04599417746067047),(422.784423828125:393.147668838501:-0.07742664217948914),(400.33348083496094:358.87404441833496:-0.1070929616689682),(379.5730209350586:327.3728942871094:-0.1391792744398117),(454.014892578125:317.22092628479004:-0.05506562069058418),(434.15122985839844:262.9489517211914:-0.09230591356754303),(419.53086853027344:230.69859981536865:-0.12141254544258118),(406.6989517211914:203.30469131469727:-0.1430896520614624),(484.17869567871094:306.85272216796875:-0.0593632347881794),(463.7551498413086:246.3859748840332:-0.0968472808599472),(448.0701446533203:209.64019775390625:-0.13364921510219574),(432.8407287597656:176.05414867401123:-0.16200211644172668),(515.1355743408203:307.1945858001709:-0.0680391788482666),(501.1097717285156:248.1628131866455:-0.10555986315011978),(488.5201644897461:212.54822731018066:-0.14296109974384308),(474.64916229248047:180.85244178771973:-0.169224813580513),(547.6967239379883:317.9208755493164:-0.08098194003105164),(544.471321105957:270.0808811187744:-0.11539577692747116),(535.9542465209961:238.45988273620605:-0.1429894119501114),(524.5465469360352:208.55060577392578:-0.16411347687244415)
02-05-2022 @ 12:23:08,Right,(114.0955638885498:464.4261932373047:1.1944834454880038e-08),(167.8132438659668:442.2568988800049:-0.01714128442108631),(210.6582260131836:397.60236740112305:-0.03130066767334938),(239.10247802734375:358.3301639556885:-0.049488943070173264),(267.3426055908203:333.47911834716797:-0.07043121755123138),(182.36087799072266:326.83353424072266:-0.014410484582185745),(204.94878768920898:273.0464458465576:-0.03752334415912628),(220.64115524291992:240.00274658203125:-0.05467226728796959),(234.1977882385254:210.9136962890625:-0.0679117739200592),(153.71193885803223:315.6521987915039:-0.030285509303212166),(171.92449569702148:255.76417922973633:-0.05003894120454788),(185.59829711914062:219.1847562789917:-0.07010468095541),(198.32149505615234:186.11356258392334:-0.08722300082445145),(124.12002563476562:317.65188217163086:-0.05046588182449341),(134.1590118408203:257.94708251953125:-0.07348833978176117),(142.45744705200195:220.7347869873047:-0.09481978416442871),(152.27012634277344:188.84639739990234:-0.11090850085020065),(91.86817169189453:330.3091335296631:-0.07384038716554642),(85.2071762084961:283.7794589996338:-0.09486999362707138),(82.07143783569336:251.3118553161621:-0.11044277995824814),(82.84399032592773:221.45673751831055:-0.12304078042507172)
02-05-2022 @ 12:23:08,Left,(493.7622833251953:463.86783599853516:-2.0918391463453645e-09),(444.5779800415039:447.91236877441406:-0.044809743762016296),(405.6011962890625:410.9000587463379:-0.08525469899177551),(385.0579071044922:377.82397270202637:-0.12476835399866104),(367.1739196777344:346.7552089691162:-0.1680896133184433),(438.1129455566406:339.49490547180176:-0.09274580329656601),(423.5686492919922:283.54225158691406:-0.15080712735652924),(410.653076171875:251.68021202087402:-0.19327078759670258),(397.37815856933594:227.7387571334839:-0.224330335855484),(470.6401824951172:339.7665596008301:-0.10661253333091736),(467.1454620361328:281.1294651031494:-0.17218811810016632),(461.59828186035156:244.56253051757812:-0.22258064150810242),(454.9890899658203:213.36264610290527:-0.2593308985233307),(502.3428726196289:352.9987907409668:-0.1223057433962822),(508.51219177246094:303.7632179260254:-0.18170024454593658),(506.7709732055664:271.48040771484375:-0.22426100075244904),(502.60791778564453:244.5644760131836:-0.25252777338027954),(534.0813446044922:376.18635177612305:-0.14158739149570465),(541.0517883300781:339.22863006591797:-0.1911613643169403),(539.7674179077148:312.3221969604492:-0.2227654755115509),(536.4131927490234:287.8314971923828:-0.24626944959163666)
02-05-2022 @ 12:23:08,Right,(130.49622535705566:487.14900970458984:1.2955903017086712e-08),(180.6070899963379:465.54954528808594:-0.02881571464240551),(219.04251098632812:421.0675621032715:-0.05018985643982887),(243.75980377197266:380.8620357513428:-0.07303239405155182),(273.2980155944824:352.2534370422363:-0.09836214780807495),(191.5209197998047:351.8213367462158:-0.03110828623175621),(214.49230194091797:300.06354331970215:-0.059928249567747116),(229.7357940673828:268.0840873718262:-0.08054845780134201),(241.2880516052246:241.40873908996582:-0.09562313556671143),(164.45171356201172:341.74816131591797:-0.04181358218193054),(183.76592636108398:282.94836044311523:-0.07037081569433212),(198.1678581237793:246.84871673583984:-0.09625129401683807),(211.0643196105957:214.68844413757324:-0.11613057553768158),(135.83049774169922:342.99591064453125:-0.056962866336107254),(146.01665496826172:282.8152656555176:-0.08718357235193253),(156.44855499267578:245.26013374328613:-0.11409560590982437),(166.87610626220703:214.04268264770508:-0.13304853439331055),(104.27631378173828:353.7153625488281:-0.07558418065309525),(99.90102767944336:308.3288097381592:-0.10122630000114441),(97.86674499511719:276.93068504333496:-0.12044525146484375),(98.96684646606445:248.86250495910645:-0.13567012548446655)
02-05-2022 @ 12:23:08,Left,(468.7223434448242:494.1967964172363:1.9086463520778807e-09),(416.5549850463867:473.8865661621094:-0.008015520870685577),(376.1117172241211:427.2700023651123:-0.00848544854670763),(366.34349822998047:380.3841018676758:-0.011448318138718605),(380.02967834472656:346.8669891357422:-0.012170525267720222),(400.4825973510742:355.7805347442627:0.014739902690052986),(401.57032012939453:313.3700466156006:0.03433419018983841),(406.69151306152344:333.58903884887695:0.05509048327803612),(407.65499114990234:360.47364234924316:0.0657026618719101),(440.2873229980469:346.8032741546631:0.009701857343316078),(446.9763946533203:307.7069091796875:0.025818033143877983),(449.16587829589844:333.20271492004395:0.035685766488313675),(448.4747314453125:360.21589279174805:0.04135334491729736),(478.39813232421875:350.9014892578125:0.0042251106351614),(486.69933319091797:312.5343704223633:0.018066352233290672),(485.99666595458984:331.0236167907715:0.02460881508886814),(483.35887908935547:352.97264099121094:0.0257624052464962),(515.4428482055664:364.58879470825195:-0.004104610066860914),(519.4537734985352:333.0504512786865:0.0058521428145468235),(515.6439208984375:343.6500549316406:0.01256493665277958),(510.21820068359375:360.52502632141113:0.016317525878548622)
02-05-2022 @ 12:23:08,Left,(298.77471923828125:255.02843856811523:5.240251343963109e-09),(309.03751373291016:285.44397354125977:-0.029504479840397835),(328.6775207519531:311.05027198791504:-0.06521927565336227),(352.25025177001953:321.66309356689453:-0.09332556277513504),(367.35767364501953:322.87962913513184:-0.12228437513113022),(311.00574493408203:326.5440273284912:-0.13410890102386475),(335.7612991333008:336.69422149658203:-0.1747719943523407),(356.17794036865234:329.3613052368164:-0.19281141459941864),(373.87176513671875:324.81056213378906:-0.2028685063123703),(307.947998046875:301.6861152648926:-0.13065752387046814),(345.27050018310547:307.39502906799316:-0.16642574965953827),(367.81883239746094:299.4946575164795:-0.17050659656524658),(384.9938201904297:293.5073947906494:-0.17934851348400116),(307.9132270812988:273.6971855163574:-0.12057098001241684),(346.2073516845703:271.7058849334717:-0.14084944128990173),(364.3840026855469:269.71232414245605:-0.13331981003284454),(377.26783752441406:271.43749237060547:-0.13425129652023315),(311.4251518249512:245.49553871154785:-0.11086434870958328),(342.3875045776367:243.4522533416748:-0.12370133399963379),(357.0658874511719:244.0290927886963:-0.12103626877069473),(365.91880798339844:247.2187042236328:-0.12271405756473541)
02-05-2022 @ 12:23:08,Right,(286.3832664489746:254.87059593200684:3.600152842508919e-09),(305.5172348022461:243.12721252441406:-0.03663301095366478),(330.7912826538086:240.7125949859619:-0.06448632478713989),(351.70867919921875:242.51541137695312:-0.08187045902013779),(367.37388610839844:242.0478630065918:-0.09964851289987564),(315.82950592041016:272.580041885376:-0.10438977181911469),(357.1949005126953:279.9967288970947:-0.1267707198858261),(370.0640106201172:280.94696044921875:-0.13080526888370514),(370.42591094970703:278.1048774719238:-0.13159333169460297),(310.80787658691406:293.4513187408447:-0.09110377728939056),(360.20668029785156:303.33017349243164:-0.11339493095874786),(373.2150650024414:300.6844997406006:-0.11091931164264679),(372.0158386230469:296.19452476501465:-0.11022736877202988),(310.21020889282227:308.63293647766113:-0.07481947541236877),(356.6857147216797:316.31300926208496:-0.08911632746458054),(369.4279098510742:312.9276180267334:-0.08715459704399109),(370.27854919433594:308.190279006958:-0.08776731789112091),(311.345157623291:319.2985725402832:-0.05953003093600273),(347.17872619628906:325.9378910064697:-0.06955155730247498),(359.9651336669922:322.35806465148926:-0.07134369015693665),(362.5335693359375:317.6554870605469:-0.07401177287101746)
